{"CP_MAX64_FINAL":[415.401841114419,0.1707179319024843,5.476982556029675,5.202108757521069e16,0.19577030866857525,2.928432990630692e31,0.2053286691795777,0.15051539572728245,0.22831424801568884,102.42467791369732,8.041455218275625e11,3.3610003513899355e28,0.11235647273684375,0.22342004685534733,0.1406043766323306,27.680228348446253,1231.7289750899029,143.01228982077652,210.08795286276404,0.11458922286444195,0.03561315448895752,0.16790154350456782,54.45437331732829,104.04663822308555,55.258406243357854,0.09541286743352112,0.029627159449939544],"P1_MAX512_FINAL":[381.3861691469843,0.04781709848518761,52.865258734640776,89.6854379313786,33.57294230627272,140.2515743856069,0.04123913052503533,0.007702096011781813,0.011400168575415738,32.68452242355936,23.77026059074435,7.108596158460311,0.0034724578805504294,0.016331131109015296],"CP_MAX512_FINAL":[386.03423520276203,0.1518861887123064,163.2848939754797,1.7568809659290152e16,0.013128472681704695,1.2334575368574802e27,0.12238308367597234,0.07996262414444338,0.10041021166818054,136.97935313601266,3.865050493565453e13,1.971074575956718e24,0.1993667486317276,0.19328236600789978,0.17939254613469258,9.031520450756414,1060.5866648514698,245.94953371338784,270.2690184747195,0.15401202030043487,0.08898510751175698,0.04563516556158004,89.56477502003075,17.493610102309574,31.42921939642104,0.1729569616348242,0.1251357155396729],"P1_MAX32_FINAL":[80.55936686209809,0.009874020511558758,196.93097185276181,482.7149024920948,2271.8154754567845,10.675337138271011,0.02949271342829677,0.046230592485680996,0.0027412677627884586,1.7013539019887691,96.24388307848696,21.699163395069725,0.024850910472612765,0.014043935772353423],"CP_MAX128_FINAL":[109.12118072237965,0.055332612376857715,141.5892900113471,3.5541391222493114e17,0.08966284306609912,2.1237856788829704e32,0.16881146716588347,0.07104522256193524,0.22169425564722678,145.17226168927078,2.4459364191511678e14,7.811555663807088e28,0.02015906484031943,0.11564209833133254,0.06467770785657323,29.931529877326632,1343.0240493703584,271.892277614363,154.42344019517614,0.04515793349006342,0.09541271957755493,0.21627256748122353,55.378474169781036,19.203535157717567,86.8692751170171,0.20613321024880105,0.1911160000348926],"P2_MAX32_FINAL":[4.7163430956206245,1.5047330331269932,1372.0183861925177,2941.4366632244164,17624.584530434997,1007.7881408258329,1.384059291477212,1.1770004148815016,0.9500467772328953,305.2754967944469,198.52161445130986,66.21606296740408,1.7500726745146633,1.9322629789816188,0.6105924190381173,931.2001817354335,406.68731379165115,1336.3622501118707,112.02522819496792,1.8537402603535706,1.768779859721884,1.236742637904168,134.3359656197815,20.886169006586577,26.73534344284705,2.2229065582030136,1.7447051353416294],"P2_MAX128_FINAL":[4.117240954565402,0.7233863737747415,140.1822827152104,4111.76846597484,717.4696510921146,105.72187216331085,1.1287770983251348,0.5398167841069685,0.28169869567524713,190.12434014697777,614.6920563177721,21.416381809276338,1.030378276899398,2.043207551506316,0.022605134652068426,254.0539856223883,175.85886006843737,31.82690252107807,27.633741979865505,1.0713880165312533,2.421759703369619,1.2039231835964348,88.43717538120814,88.41228322343545,45.22054141443747,1.6979586604278896,0.4733210402280031],"P2_MAX16_FINAL":[1.6406663056324082,0.38509257345718423,1345.8116650189813,5151.705351901097,7852.748790240794,1811.0494348626605,1.9842359314779179,1.7698739905178074,0.35644479125086287,52.707966315461114,1013.1891799680617,54.31116722290355,1.9873051520403735,1.5639212921160905,2.258748388233953,801.6022233813197,2.7065621838963807,1536.0952094845634,89.93782643224128,1.6625431270576112,0.006921072833057151,1.237805145382902,135.16647405160967,69.89469286157662,14.473923810716107,2.249999015191827,1.3571498650079983],"P2_MAX256_FINAL":[3.8156702317271534,1.2156200764675562,1077.3103390632648,1701.0448239044629,3687.822202881756,522.666928168665,1.3152041697231416,1.61397247240234,1.1202232962639551,319.5679343068127,61.9780804970149,6.794756030739816,0.08614407253005724,0.4352498911445702,1.202627962907606,530.865905820671,207.4229472363458,375.22212712247654,6.764862931213372,0.9279274662502135,0.31589807441239964,0.5613953208779687,103.94940732480786,235.77683790519163,16.32868154174158,2.1348214480198733,2.4743153466664474],"CP_MAX8_FINAL":[272.27256276266235,0.02682818518783814,157.79984834714702,3.826274873975608e16,0.0018079127614595292,2.364005905589958e32,0.0506874466800305,0.08637853861068534,0.19456694834797383,299.9115376626069,4.352926383039662e13,5.05114212652062e29,0.05006058004651476,0.18575683305944884,0.14959402508557018,168.11537046659637,22019.924269630304,1016.8369376126149,157.9589965726255,0.1732272179168124,0.21118895813906907,0.22185502017303455,79.53820619115194,242.6427867193151,3.251708431377253,0.24785316163774018,0.20720376466187673],"P1_MAX16_FINAL":[229.11598023151555,0.04494743634299051,383.366177618486,865.1880486851103,2529.684072214299,36.79659102834934,0.012608153799659672,0.043623198996255025,0.0321891249560449,27.40117782499869,110.77703572054295,21.061391228569747,0.010059832014501658,0.027745472488833182],"P2_MAX64_FINAL":[4.425624370695254,0.009945222755099514,717.6802568842683,1027.70074771208,6208.231025169745,404.9537137790029,1.7977842981801673,2.367519711397996,0.5792186422731433,51.622869652228275,98.75145768426391,61.13395568253985,1.854015645619621,1.2325442835068445,1.6094482890049726,391.37469136420657,1029.2594185469168,41.196253088062846,59.676042739141415,2.4052512361766807,1.1695356916595778,1.2888426809894955,168.66898878501905,265.2946525611435,28.996984274405882,0.6253076529589592,0.8142748211205808],"P2_MAX8_FINAL":[2.8181822003748875,0.13535683437778673,939.964625966956,12966.302780731032,3080.3800198729787,105.42560793775155,0.2911242158927408,0.47745362876970016,0.05254015900267034,325.5598747068024,462.9085490784254,50.39387977841437,0.5306655929134163,0.8524954473251274,2.206691330215655,652.0385792108381,473.9027837033218,1133.707068406943,406.44875443793853,2.1933225477252396,1.4004992522904003,0.8666968928000007,236.60894900671457,213.90975679383897,23.937853835263176,2.1178280062464756,1.8805243715664062],"CP_MAX256_FINAL":[352.3949643607431,0.1062246432813676,62.46643323489407,1.1086415004609397e17,0.12352601736052238,4.194307416352832e26,0.1743629202394093,0.2306542676375512,0.22808531655975423,52.01731675739569,3.233144262890856e13,8.36509978268023e23,0.09289075932488583,0.004412358185821863,0.12814679687955688,102.44797676982668,585.8680696028005,400.6642880443969,327.0938959120534,0.18551525635029442,0.10569837680828265,0.07692574650807965,136.72975813124225,212.9356123709058,57.90082693202389,0.11237209922793856,0.1597329596164394],"CP_MAX16_FINAL":[369.1093302089481,0.16076839312409802,162.30202628374585,4.597089350611454e16,0.15587496507741277,9.969752366019824e31,0.04973855518389708,0.1572900730421437,0.1955593927195593,37.67939516888512,7.388000990809977e13,1.0979141072275714e28,0.19368570576121535,0.15976675657938633,0.07370913624092296,4.44966920062317,2230.4007040479805,686.5529883071133,93.01840022409023,0.054337991116410245,0.20354488298413825,0.21633728532703772,12.54570188513263,425.3009714050846,86.4611569301738,0.1501112020892471,0.1898537406503743],"CP_MAX32_FINAL":[452.3354891121405,0.1504515063379651,34.94815698823536,7.692395518479702e16,0.20902978799207145,1.1245309293254615e32,0.16763068226834477,0.24809511312326976,0.13241563752034197,138.83095831402568,2.8449410991586133e12,2.3802560211667864e28,0.045678084210012015,0.04827636384718831,0.13581927878747319,133.61736249406616,321.2465010091587,363.16773235272717,373.4225529880897,0.017083726449085512,0.13405387211607306,0.2348255482869701,250.909626862768,388.09825491227843,34.68448031175155,0.03439348665996955,0.09265755971143042],