{"P1_MIN4":[1.9413887512418153,5.201356515634407,8.46770195347403],"CP_MIN64":[29.625830803514006,79.19631564844947,240.89608998509738,0.2612211807466167,0.36796725544643394],"CP_MIN8":[236.84216276419997,70.06710061908788,124.61410201784685,77.42420200200212,47.39704803097331],"P1_MAX64":[292.04259772140927,0.0352061400552433,49.14270333403741,152.24137896912288,552.0952049035985,118.68606281277835,0.011272191012397782,0.025161594794565312,0.00971068083959611,11.537387684669534,33.583340605539355,10.375446403675635,0.03953652971847096,0.03860464989854904],"CP_MAX32":[384.0992141717561,0.22621001196943974,107.64433277397382,1.1019785054176973e17,0.1421486408215431,2.6323199195020758e32,0.06285749335040076,0.05315750069371423,0.06342390938195343,30.827049678986977,1.1561984058348972e14,4.899911465641959e28,0.040336882055180774,0.059304702501693014,0.08497192053566327,113.34559911358758,1255.1690276823936,82.73008036227496,365.1607693863651,0.08723520348877523,0.043953351500833356,0.04913933420059075,134.12234475205625,40.79904673896003,49.15391820610688,0.23137193341873197,0.11537243747042292],"P2_MIN256":[3.1850012415621567,129.08637532108594,148.26868870694682,277.3701186413454,59.82046988834751],"CP_MAX8":[345.0638850037202,0.09896501272966103,201.32930287659184,2.559567019135985e16,0.20178601437120736,1.181334828069115e26,0.06372301991894293,0.007292081534911295,0.131390408246078,96.86027137376468,7.404749721733525e13,1.5974059836214322e23,0.0012926784353921653,0.08611253238535255,0.06019151061423834,129.5957346112927,326.1515943543436,45.066286479158535,205.19106656106837,0.16506703811583173,0.1075861143966792,0.0982349346976746,25.706029158552674,330.94621277839605,45.544945830314035,0.1827796198440918,0.11199603627030592],"CP_MIN4":[104.04522619574342,91.01396209980895,148.49538177062317,56.02842964157054,53.82891490294275],"P2_MAX256":[3.940176404112413,0.05279807477641508,789.4711055827742,2979.525631065898,3709.05683102703,319.11299086931683,0.022562606791638025,0.19782183917358442,0.1661918499497776,292.092469982139,313.3312502548224,106.77438695611079,0.18783829308830874,0.12933532848470064,0.07361660789865422,115.60970222972136,33.609497193138964,1957.6347048390799,379.72881473894006,0.0524239281041154,0.17017151026550986,0.2010528903058501,64.68424546414947,179.7892313177993,19.778897167207937,0.14626717543831935,0.13022341795728232],"CP_MIN16":[374.2318135550852,56.26740481583899,208.42314812330545,43.91423217971647,30.852329649578497],"CP_MAX512":[210.78830155857187,0.09135957488730002,53.117079570954985,2.053716820343964e16,0.09894953148272619,2.3946860168354373e27,0.04916783199648651,0.17398293692903388,0.17904933676141693,142.10293089193524,5.072550280682541e13,1.268772245058179e24,0.21008868694986138,0.2336520261019726,0.17289150819274712,97.38836646012716,1126.7801958292341,14.66155230801995,209.15869112584193,0.03541619538051905,0.17324900763258116,0.12085295893133814,66.87591768083051,219.57235541852606,18.388699344512304,0.016661651633794856,0.24054823102052775],"P1_MIN64":[5.3802570053560785,6.960326485283087,17.554956935591377],"P1_MAX512":[164.55444496852024,0.03057283683196208,46.64566081953595,67.67822784526531,17.59006908227228,72.44443338593561,0.02118068301969419,0.024427091070018992,0.030057391770804076,10.48332931903954,1.533614221956256,10.00622970970187,0.00401303576114237,0.03392363963611439],"CP_MIN256":[430.8996687303797,95.60616213261619,136.52985704325246,13.332524924255356,18.967481097540542],"P2_MAX16":[5.119778815814378,0.10388781559184301,417.5433340185707,3435.051562225378,4013.0741220290583,294.3001104616029,0.15707332635675014,0.04938551797424407,0.05957284976811195,73.78863733864665,473.5001159625926,65.87147443881605,0.226719963418808,0.14066940632056235,0.1522719215676085,110.50609303219932,166.64763127107406,1331.9695673218155,78.45548487339826,0.06207862548383664,0.05126418315356741,0.03600080425322933,88.08953488853192,117.64289917590777,4.613047483678251,0.11532904080613382,0.12504578813465844],"P2_MAX128":[5.028811686122081,0.21863508928348552,625.1760285215802,909.7612581608973,2211.01513633562,812.1796184275031,0.04397610137298625,0.24364046389302702,0.17723808170617605,62.59527981060742,325.43382452605545,123.7123938741251,0.244110918192664,0.10117129603637265,0.03698132828625573,387.93669384809016,9.179397754788312,1118.614212705456,404.5501201273252,0.19752060874855404,0.14043134987747946,0.05127797506238747,38.84321553639419,224.6166931567471,71.26471558271952,0.06372925078648052,0.19624156009245003],"CP_MAX256":[434.7362289604952,0.23132517839460898,28.11758495441623,4.252890850987338e16,0.17180423381819648,8.002334877302341e26,0.20590115632185613,0.21943320816048933,0.08626406610361675,234.2620770491633,5.586704356809736e13,1.1890596725587892e23,0.03979007225668219,0.1955434118194017,0.18196170469147704,17.732744039794383,3.433623835839171,374.3583230914042,147.90933159839994,0.15341024848979762,0.14584838635852343,0.06779799624683054,156.61682477868789,75.222857945551,43.675105076754505,0.03065202519201405,0.006982384543721416],"P2_MIN2":[2.483827272283072,186.22179979249148,67.16928587315665,195.1799621194558,13.295509900092988],"P1_MIN32":[5.418510806891179,5.916273396672153,16.426703459713714],"P2_MAX8":[4.265240272027983,0.18025341902311964,858.8520834014205,1162.1091621636783,434.62510686258054,32.4335708488687,0.14657964590566547,0.191068099823131,0.23181798424572203,313.11425660702696,79.8553940987896,120.52607960859933,0.14859603192069892,0.15510267877522388,0.06574086735215325,99.08934661421081,108.25709294234723,2.722546054818906,196.06910937885428,0.08531228013947251,0.057449844345764785,0.13176165239255905,29.434251762156556,84.13051445256075,16.345141974497558,0.012626501290261334,0.16126585851060177],"P2_MAX512":[2.0671695547776094,0.06435689012230035,892.9264897441382,1116.1840521795589,121.65836164735833,840.4678075398017,0.2496417307068733,0.048495724453123785,0.2272058323989981,325.71312565983646,29.189190489010898,7.721324535613924,0.058227205904278885,0.051292738077847906,0.18346204030817598,78.73154140882029,9.668146162283023,2252.612299960038,511.7801822447716,0.228661105673164,0.11134547453462135,0.021057680543540354,70.69949855737737,47.78438996814322,26.7233898313764,0.0417978159286947,0.17715155123147813],"P1_MIN16":[1.258226988998779,13.771298562477629,1.1590875120025776],"P1_MAX8":[359.4062803224092,0.04926692809445436,64.20157214561365,145.54310979900163,786.6509111490562,84.43614547094546,0.04549868965167614,0.03042872675001721,0.01575597638475147,27.823385316272237,45.67207172016956,17.19794020980784,0.00023368801109712248,0.044413223979972674],"CP_MAX2":[368.90173967125384,0.004836302691887624,154.77937283744058,1.1831816512460448e17,0.22303174200137948,7.831161156879487e31,0.028425523830420414,0.06112427741469357,0.12098922418438307,1111.189565817172,2.363904639254335e14,1.2996185115876844e29,0.014437611677375846,0.19450882935428448,0.06706316639093436,170.38266881171387,15491.97175486942,298.41895442417353,2722.514646328004,0.09844717206148025,0.13230597846921582,0.2143177904854464,481.1382908383638,616.2601314730016,60.54700105302831,0.19971242803185213,0.17642797275954364],"CP_MIN32":[405.3647586448729,36.59875761158782,94.50912012325193,135.26243506945693,4.313785345532288],"P1_MAX4":[160.9375570512659,0.028133902784215035,84.08654515939931,393.5848037377125,703.3027975163513,27.24610871273638,0.027650730719180644,0.04678307846337429,0.033171962509162475,44.57481340359167,8.105992507008345,11.14806513093847,0.034140019129474924,0.008181836635111418],