{"P2_MIN32_FINAL":[2.810636291886933,313.90277755553745,142.98134691140086,20.88839755278881,38.481783987453426],"CP_MAX512_FINAL":[386.03423520276203,0.1518861887123064,163.2848939754797,1.7568809659290152e16,0.013128472681704695,1.2334575368574802e27,0.12238308367597234,0.07996262414444338,0.10041021166818054,136.97935313601266,3.865050493565453e13,1.971074575956718e24,0.1993667486317276,0.19328236600789978,0.17939254613469258,9.031520450756414,1060.5866648514698,245.94953371338784,270.2690184747195,0.15401202030043487,0.08898510751175698,0.04563516556158004,89.56477502003075,17.493610102309574,31.42921939642104,0.1729569616348242,0.1251357155396729],"P1_MIN512_FINAL":[3.7522325626952444,21.85086570670718,7.21758614763136],"P1_MIN8_FINAL":[2.7276359129565755,177.4187587300718,36.008964890855395],"CP_MIN2_FINAL":[478.6592083361334,299.0246712004605,1091.5363376488408,1053.4489071926564,34.90614609052578],"P2_MAX64_FINAL":[4.425624370695254,0.009945222755099514,717.6802568842683,1027.70074771208,6208.231025169745,404.9537137790029,1.7977842981801673,2.367519711397996,0.5792186422731433,51.622869652228275,98.75145768426391,61.13395568253985,1.854015645619621,1.2325442835068445,1.6094482890049726,391.37469136420657,1029.2594185469168,41.196253088062846,59.676042739141415,2.4052512361766807,1.1695356916595778,1.2888426809894955,168.66898878501905,265.2946525611435,28.996984274405882,0.6253076529589592,0.8142748211205808],"P2_MIN512_FINAL":[0.2738893640954775,23.037408002531834,168.08700787341118,201.0370244467399,27.290817322050025],"CP_MAX256_FINAL":[352.3949643607431,0.1062246432813676,62.46643323489407,1.1086415004609397e17,0.12352601736052238,4.194307416352832e26,0.1743629202394093,0.2306542676375512,0.22808531655975423,52.01731675739569,3.233144262890856e13,8.36509978268023e23,0.09289075932488583,0.004412358185821863,0.12814679687955688,102.44797676982668,585.8680696028005,400.6642880443969,327.0938959120534,0.18551525635029442,0.10569837680828265,0.07692574650807965,136.72975813124225,212.9356123709058,57.90082693202389,0.11237209922793856,0.1597329596164394],"CP_MAX16_FINAL":[369.1093302089481,0.16076839312409802,162.30202628374585,4.597089350611454e16,0.15587496507741277,9.969752366019824e31,0.04973855518389708,0.1572900730421437,0.1955593927195593,37.67939516888512,7.388000990809977e13,1.0979141072275714e28,0.19368570576121535,0.15976675657938633,0.07370913624092296,4.44966920062317,2230.4007040479805,686.5529883071133,93.01840022409023,0.054337991116410245,0.20354488298413825,0.21633728532703772,12.54570188513263,425.3009714050846,86.4611569301738,0.1501112020892471,0.1898537406503743],"P1_MIN256_FINAL":[3.3431310248639092,26.482235293048955,2.592626709475367],"P1_MAX128_FINAL":[42.20266544403463,0.02992922083670737,59.21313509648307,383.0471756165049,29.416684755823894,48.439602885919776,0.011822646527995253,0.03155721594654482,0.038720347908759147,44.824416990090434,91.78485454768733,22.677383260812878,0.03786273496446769,0.030521991600595724],"P1_MIN2_FINAL":[0.018457489395510063,622.9468016542351,15.739328415189538],"P2_MIN2_FINAL":[3.4985142511553797,4213.770589874813,2.937222020464798,722.6676387835162,6.9462157341757695],"P1_MIN128_FINAL":[3.323914534578096,23.492921123119643,5.346458186553697],"CP_MIN8_FINAL":[19.92548911413151,227.33289329317643,153.4528506916667,29.366861883036393,4.020414804147616],"P2_MIN256_FINAL":[1.1762814437505233,29.533410088995723,75.16325297865855,24.231256821154147,14.428238673265541],"P1_MAX32_FINAL":[80.55936686209809,0.009874020511558758,196.93097185276181,482.7149024920948,2271.8154754567845,10.675337138271011,0.02949271342829677,0.046230592485680996,0.0027412677627884586,1.7013539019887691,96.24388307848696,21.699163395069725,0.024850910472612765,0.014043935772353423],"CP_MAX128_FINAL":[109.12118072237965,0.055332612376857715,141.5892900113471,3.5541391222493114e17,0.08966284306609912,2.1237856788829704e32,0.16881146716588347,0.07104522256193524,0.22169425564722678,145.17226168927078,2.4459364191511678e14,7.811555663807088e28,0.02015906484031943,0.11564209833133254,0.06467770785657323,29.931529877326632,1343.0240493703584,271.892277614363,154.42344019517614,0.04515793349006342,0.09541271957755493,0.21627256748122353,55.378474169781036,19.203535157717567,86.8692751170171,0.20613321024880105,0.1911160000348926],"P2_MIN4_FINAL":[1.8293958347822727,82.56344028725474,39.19390973552983,42.48683993704473,16.172265250425973],"P1_MIN32_FINAL":[1.7232368979892052,5.828101695738397,23.100303163931674],"P2_MAX128_FINAL":[4.117240954565402,0.7233863737747415,140.1822827152104,4111.76846597484,717.4696510921146,105.72187216331085,1.1287770983251348,0.5398167841069685,0.28169869567524713,190.12434014697777,614.6920563177721,21.416381809276338,1.030378276899398,2.043207551506316,0.022605134652068426,254.0539856223883,175.85886006843737,31.82690252107807,27.633741979865505,1.0713880165312533,2.421759703369619,1.2039231835964348,88.43717538120814,88.41228322343545,45.22054141443747,1.6979586604278896,0.4733210402280031],"P2_MAX16_FINAL":[1.6406663056324082,0.38509257345718423,1345.8116650189813,5151.705351901097,7852.748790240794,1811.0494348626605,1.9842359314779179,1.7698739905178074,0.35644479125086287,52.707966315461114,1013.1891799680617,54.31116722290355,1.9873051520403735,1.5639212921160905,2.258748388233953,801.6022233813197,2.7065621838963807,1536.0952094845634,89.93782643224128,1.6625431270576112,0.006921072833057151,1.237805145382902,135.16647405160967,69.89469286157662,14.473923810716107,2.249999015191827,1.3571498650079983],"P1_MAX4_FINAL":[99.3116878199123,0.0448399926743324,188.68998505684786,163.59823967997352,2881.870354712909,691.2144692976408,0.03706204205286773,0.03150238743680547,0.01057697335489294,101.78958093824559,48.24988359496335,7.142390562715525,0.032199220787253714,0.0457007738250314],"P2_MIN16_FINAL":[5.0175033869565455,694.2106035105005,2.17547037546413,60.97496503899346,7.5596840979210915],"CP_MIN16_FINAL":[49.568294063070404,52.05792580942269,176.63680347784674,37.7325948253751,1.47088428940424],"P2_MIN8_FINAL":[3.8671738024962847,251.06370794717742,13.163640185820874,214.83373177960837,38.357987637004214],"P2_MAX2_FINAL":[0.2725400712749386,0.07285246161226339,6161.583792976242,5182.977151617045,24173.388775182768,6708.165732161954,0.5748762749845266,1.1186342229178254,1.9581488962745104,50.87805856482525,14.592572411826723,13.618654676688328,0.4301185128747404,0.05063927917411287,1.2926309431923921,1416.3988099285207,24472.78364221236,7785.379575118761,3210.345218243413,2.1333524615223523,1.0104773669902862,1.2027420356025165,775.3430940124053,189.18348824169857,32.84222401913433,0.10629655686628497,2.433540664717211],"CP_MIN32_FINAL":[101.76983967975696,27.51708216112867,92.50778666280293,90.83307161618437,11.472131281959433],"CP_MIN4_FINAL":[146.79649759474057,1024.3825526872506,330.11904575939974,62.673499333133,46.58089909948452],"CP_MIN64_FINAL":[260.41222079727095,51.34037551171026,132.44590257922243,131.70573758101477,40.84736418999506],"P1_MAX512_FINAL":[381.3861691469843,0.04781709848518761,52.865258734640776,89.6854379313786,33.57294230627272,140.2515743856069,0.04123913052503533,0.007702096011781813,0.011400168575415738,32.68452242355936,23.77026059074435,7.108596158460311,0.0034724578805504294,0.016331131109015296],"P1_MIN16_FINAL":[2.856344083533759,7.095922025717407,26.398907567558965],"P1_MAX2_FINAL":[328.8166925813483,0.011108224719805916,892.6512854818873,140.3014803046063,732.4320408118283,617.3584792233862,0.03630297432705846,0.023097923490173634,0.043681582239006485,153.41953429652247,438.73167125899545,5.04831948536258,0.012987663630927305,0.018592899852614864],"P2_MIN128_FINAL":[0.30794589461283617,117.8549576376802,84.02035826636867,234.69040021400968,33.20892285952008],"CP_MIN128_FINAL":[358.91418332313145,18.230025196395484,148.87067151655603,8.10686021932909,27.79006902139382],